股票名称,股票代码,日期,开盘,收盘,最高,最低,成交量,成交额,振幅,涨跌幅,涨跌额,换手率,3_分钟涨幅,5_分钟涨幅,10_分钟涨幅,20_分钟涨幅,30_分钟涨幅,60_分钟涨幅
贵州茅台,600519,2023-12-27 09:31,1668.0,1663.52,1672.0,1663.0,487,81180626.0,0.54,-0.39,-6.48,0.0
贵州茅台,600519,2023-12-27 09:32,1663.54,1664.24,1667.0,1663.54,223,37175228.0,0.21,0.04,0.72,0.0
贵州茅台,600519,2023-12-27 09:33,1664.22,1664.5,1665.63,1664.0,173,28848584.0,0.1,0.02,0.26,0.0,0.058911224391652535
贵州茅台,600519,2023-12-27 09:34,1664.5,1667.0,1667.0,1664.08,86,14327378.0,0.18,0.15,2.5,0.0,0.16584146517329176
贵州茅台,600519,2023-12-27 09:35,1667.0,1664.08,1668.0,1664.08,75,12498255.0,0.24,-0.18,-2.92,0.0,-0.025232802643440837,0.03366355679522611
贵州茅台,600519,2023-12-27 09:36,1664.97,1664.12,1664.97,1664.01,86,14312534.0,0.06,0.0,0.04,0.0,-0.17276544691062443,-0.007210498485802422
贵州茅台,600519,2023-12-27 09:37,1665.54,1664.61,1665.54,1664.17,102,16980700.0,0.08,0.03,0.49,0.0,0.03184943031584856,0.006608591168513064
贵州茅台,600519,2023-12-27 09:38,1664.94,1664.16,1665.06,1664.16,196,32628146.0,0.05,-0.03,-0.45,0.0,0.0024036728120683,-0.17036592681463217
贵州茅台,600519,2023-12-27 09:39,1664.45,1663.03,1664.45,1663.03,114,18912860.0,0.09,-0.07,-1.13,0.0,-0.0949171277356214,-0.0630979279842288
贵州茅台,600519,2023-12-27 09:40,1663.01,1662.5,1663.01,1661.5,147,24440395.0,0.09,-0.03,-0.53,0.0,-0.09975002403615528,-0.09734874888829477,-0.06131576416273816
贵州茅台,600519,2023-12-27 09:41,1662.5,1663.14,1663.14,1662.5,81,13469375.0,0.04,0.04,0.64,0.0,0.006614432692141894,-0.0883089732730069,-0.06609623611978495
贵州茅台,600519,2023-12-27 09:42,1665.0,1664.99,1665.0,1663.41,131,21811211.0,0.1,0.11,1.85,0.0,0.14977443609022612,0.04987501201807081,0.029438269750676423
贵州茅台,600519,2023-12-27 09:43,1664.98,1663.53,1665.02,1663.53,49,8156995.0,0.09,-0.09,-1.46,0.0,0.0234496193946314,0.030065603146064712,-0.20815836832633636
贵州茅台,600519,2023-12-27 09:44,1663.53,1663.75,1663.76,1663.53,49,8151872.0,0.01,0.01,0.22,0.0,-0.07447492177130248,0.07518796992481204,-0.019830777366468395
贵州茅台,600519,2023-12-27 09:45,1663.76,1664.8,1664.92,1663.76,37,6158550.0,0.07,0.06,1.05,0.0,0.0763436788035071,0.0998112005002498,0.040862437804969814
贵州茅台,600519,2023-12-27 09:46,1664.01,1663.5,1664.96,1663.2,168,27952751.0,0.11,-0.08,-1.3,0.0,-0.015026296018031557,-0.08949002696712947,-0.066682285940845
贵州茅台,600519,2023-12-27 09:47,1663.5,1662.71,1663.85,1662.71,124,20627851.0,0.07,-0.05,-0.79,0.0,-0.1255406054781306,-0.04929276899123769,-0.08713104509182082
贵州茅台,600519,2023-12-27 09:48,1662.2,1662.1,1663.67,1662.01,61,10140961.0,0.1,-0.04,-0.61,0.0,-0.08415990381725824,-0.09917355371901374,-0.05592202185168419
贵州茅台,600519,2023-12-27 09:49,1662.1,1661.01,1662.83,1661.0,127,21105745.0,0.11,-0.07,-1.09,0.0,-0.10224272422731838,-0.22765497357039666,-0.08962406015037648
贵州茅台,600519,2023-12-27 09:50,1661.2,1663.4,1663.46,1661.2,77,12801316.0,0.14,0.14,2.39,0.0,0.07821430720174369,-0.006011421701226874,0.01563307959642549,-0.007213619313256881
贵州茅台,600519,2023-12-27 09:51,1663.42,1661.5,1663.42,1661.3,79,13134724.0,0.13,-0.11,-1.9,0.0,0.02950012341888424,-0.07277276253826803,-0.2096108685337455,-0.1646397154256603
贵州茅台,600519,2023-12-27 09:52,1661.53,1661.97,1662.0,1661.12,102,16950472.0,0.05,0.03,0.47,0.0,-0.08596849825658671,-0.007821430720166162,-0.09377648734918789,-0.15199759687593709
贵州茅台,600519,2023-12-27 09:53,1661.6,1661.98,1662.04,1661.6,75,12464911.0,0.03,0.0,0.01,0.0,0.028889557628649906,0.05839820350268977,-0.10638617580766231,-0.3011397720455898
贵州茅台,600519,2023-12-27 09:54,1661.63,1662.0,1662.0,1661.62,74,12297836.0,0.02,0.0,0.02,0.0,0.0018050867344159471,-0.08416496332812859,-0.16818837097548983,-0.12499399067352095
贵州茅台,600519,2023-12-27 09:55,1661.92,1661.89,1662.16,1661.65,67,11135260.0,0.03,-0.01,-0.11,0.0,-0.005415227620062705,0.02347276557328318,-0.09678388938983468,-0.1340047592721553
贵州茅台,600519,2023-12-27 09:56,1661.62,1661.84,1661.89,1661.61,38,6314649.0,0.02,0.0,-0.05,0.0,-0.009626955475335852,-0.007822042515816119,-0.052324217692809816,-0.1664053441947352
贵州茅台,600519,2023-12-27 09:57,1663.0,1663.29,1663.66,1662.94,85,14134167.0,0.04,0.09,1.45,0.0,0.0842414359554401,0.07882164646987,0.07159617351543557,-0.05227862705509796
贵州茅台,600519,2023-12-27 09:58,1663.34,1663.5,1663.51,1663.29,36,5988274.0,0.01,0.01,0.21,0.0,0.09988927935301124,0.09025270758122744,0.14990879043473604,0.02826166695730247
贵州茅台,600519,2023-12-27 09:59,1663.32,1662.46,1663.5,1662.1,55,9147621.0,0.08,-0.06,-1.04,0.0,-0.049901099627841644,0.03429829892471441,-0.05651076109174309,-0.0024060150375917965
贵州茅台,600519,2023-12-27 10:00,1662.45,1661.2,1662.45,1661.2,62,10302968.0,0.08,-0.08,-1.26,0.0,-0.1382626991283411,-0.038511529389103204,-0.018055973517902772,-0.11664682468102833,-0.13946330672308938
贵州茅台,600519,2023-12-27 10:01,1661.21,1661.21,1661.66,1661.18,56,9303423.0,0.03,0.0,0.01,0.0,-0.07518977900220156,-0.12505335810351334,-0.04572886393857837,-0.22702839056090263,-0.18206508676633013
贵州茅台,600519,2023-12-27 10:02,1661.58,1662.02,1662.02,1661.51,60,9969967.0,0.03,0.05,0.81,0.0,0.04936190705513702,-0.08896904117823975,0.00240676783113898,-0.09077083070338322,-0.14899369179934022
贵州茅台,600519,2023-12-27 10:03,1661.99,1662.52,1662.52,1661.74,49,8143912.0,0.05,0.03,0.5,0.0,0.07885818168683943,0.0036091093921023923,0.03128760529482442,-0.07392937640871634,-0.26874625074985115
贵州茅台,600519,2023-12-27 10:04,1662.51,1662.51,1662.95,1662.1,63,10473374.0,0.05,0.0,-0.01,0.0,0.029482196363461877,0.07885865639296566,0.03730692163740626,-0.13755406054781139,-0.09434642565260903
贵州茅台,600519,2023-12-27 10:05,1662.77,1664.02,1664.02,1662.5,67,11144563.0,0.09,0.09,1.51,0.0,0.09022447850251426,0.1691538095725372,0.1311798969816627,0.03125939284640708,-0.006009182030136592
贵州茅台,600519,2023-12-27 10:06,1664.66,1663.02,1664.66,1663.02,46,7654103.0,0.1,-0.06,-1.0,0.0,0.030676507208978646,0.06016774768053333,-0.016232887830743996,0.018644261476742512,-0.0955178690504033
贵州茅台,600519,2023-12-27 10:07,1663.03,1663.0,1663.03,1662.14,70,11638580.0,0.05,0.0,-0.02,0.0,-0.061297340176198714,0.028871833120805657,-0.030057108506161705,0.054148366524281996,-0.0697048360734594
贵州茅台,600519,2023-12-27 10:08,1663.02,1663.0,1664.18,1662.6,80,13257048.0,0.1,0.0,0.0,0.0,-0.0012026313574089193,0.029473506926274675,0.03248198452894888,0.1198066236807731,-0.0018039361887622423
贵州茅台,600519,2023-12-27 10:09,1662.64,1665.57,1665.57,1662.64,79,13152789.0,0.18,0.15,2.57,0.0,0.15453998797353796,0.09314791889520285,0.2630628461353173,0.13045569315858152,0.1846616541353345
贵州茅台,600519,2023-12-27 10:10,1665.97,1665.88,1665.97,1665.58,32,5330474.0,0.02,0.02,0.31,0.0,0.17318099819603783,0.17197628410963953,0.28112038815081014,0.26361721336142696,0.16474860805464417
贵州茅台,600519,2023-12-27 10:11,1665.86,1667.88,1668.0,1665.86,167,27835855.0,0.13,0.12,2.0,0.0,0.13869125884833258,0.2934455802766151,0.35258300140793297,0.35560208668026994,0.17357461606376615
贵州茅台,600519,2023-12-27 10:12,1668.0,1667.88,1668.03,1667.31,50,8338701.0,0.04,0.0,0.0,0.0,0.12005666674670444,0.2934455802766151,0.32240213651565863,0.3549982550933279,0.26149212818525286
贵州茅台,600519,2023-12-27 10:13,1667.51,1665.0,1667.83,1664.85,114,19000113.0,0.18,-0.17,-2.88,0.0,-0.1726742931146191,-0.03422251841711464,0.14977353519678133,0.18050541516245489,0.07513148009015778
贵州茅台,600519,2023-12-27 10:14,1665.0,1663.97,1665.01,1663.57,89,14812994.0,0.09,-0.06,-1.03,0.0,-0.2344293354438018,-0.11465411674310765,-0.0030047715772619638,0.12515870484809027,-0.04985583853915949
贵州茅台,600519,2023-12-27 10:15,1664.0,1664.94,1664.97,1663.97,53,8736609.0,0.06,0.06,0.97,0.0,-0.0036036036036003263,-0.17627167422117027,0.11545261031136564,0.18654022047851399,0.086564472497749
贵州茅台,600519,2023-12-27 10:16,1664.22,1664.13,1665.72,1664.11,27,4494085.0,0.1,-0.05,-0.81,0.0,0.00961555797280491,-0.22483631915965174,0.06794948887553273,0.050502317695660146,0.08540274611929156
贵州茅台,600519,2023-12-27 10:17,1664.22,1664.0,1664.79,1664.0,51,8487157.0,0.05,-0.01,-0.13,0.0,-0.05645849099667583,-0.06006006006006006,0.06013229104028864,0.030057108506161705,0.11431321821792258
贵州茅台,600519,2023-12-27 10:18,1664.1,1664.01,1664.1,1664.0,27,4492888.0,0.01,0.0,0.01,0.0,-0.007210975104115557,0.0024038894931978113,-0.09366162935211042,0.0932353259627272,0.1806130005237777
贵州茅台,600519,2023-12-27 10:19,1664.01,1663.73,1664.12,1663.73,64,10566720.0,0.02,-0.02,-0.28,0.0,-0.016225961538460447,-0.07267529160210195,-0.12906091675271272,0.15229954249939637,0.019838884213053215
贵州茅台,600519,2023-12-27 10:20,1663.57,1664.6,1664.61,1663.23,39,6406226.0,0.08,0.05,0.87,0.0,0.035456517689191655,0.02824298582441275,-0.1966568338249874,0.2040681190216693,0.18657839301835144
贵州茅台,600519,2023-12-27 10:21,1664.6,1664.78,1664.79,1664.6,21,3495865.0,0.01,0.01,0.18,0.0,0.0631112019378117,0.04687499999999836,-0.1858646905053203,0.16606298359827143,0.16907645745711086
贵州茅台,600519,2023-12-27 10:22,1664.78,1665.1,1665.1,1664.62,57,9489261.0,0.03,0.02,0.32,0.0,0.030037246185269734,0.06550441403596842,0.006006006006000543,0.15518610302432015,0.1877278908290046
贵州茅台,600519,2023-12-27 10:23,1665.1,1665.0,1665.1,1665.0,20,3330014.0,0.01,-0.01,-0.1,0.0,0.013214959333967689,0.07633450139145063,0.0619001544498983,0.14977353519678133,0.18050541516245489
贵州茅台,600519,2023-12-27 10:24,1664.99,1665.82,1666.59,1664.99,85,14226870.0,0.1,0.05,0.82,0.0,0.04324064620743663,0.07329088069205979,0.05285475752879273,0.10817177678152634,0.23647774521778436
贵州茅台,600519,2023-12-27 10:25,1665.23,1666.59,1666.59,1665.23,41,6830223.0,0.08,0.05,0.77,0.0,0.09549549549549058,0.10872307452035378,0.1478249896342118,0.2146696972976835,0.28582775718480724
贵州茅台,600519,2023-12-27 10:26,1665.8,1665.23,1665.8,1665.23,69,11492365.0,0.03,-0.08,-1.36,0.0,-0.035417992340103864,0.007807338898571206,0.07391826923077033,0.13409500901984475,0.11663630515424576
贵州茅台,600519,2023-12-27 10:27,1665.18,1664.9,1665.21,1664.88,44,7326032.0,0.02,-0.02,-0.33,0.0,-0.1014046646145619,-0.006006006006000543,0.053485255497268645,0.11425135297655387,0.08415990381725824
贵州茅台,600519,2023-12-27 10:28,1665.0,1664.6,1665.0,1664.6,80,13317394.0,0.02,-0.02,-0.3,0.0,-0.037832611711301686,-0.07323720449988759,0.052292138748468255,-0.05823832081509798,0.1287249016517614
贵州茅台,600519,2023-12-27 10:29,1664.61,1664.74,1664.86,1664.6,40,6658708.0,0.02,0.01,0.14,0.0,-0.009610186798010801,-0.11100510623488136,0.008410428931881537,-0.06843230004562753,0.2130989646038986
贵州茅台,600519,2023-12-27 10:30,1664.21,1664.76,1664.9,1664.21,42,6991795.0,0.04,0.0,0.02,0.0,0.009611918779291233,-0.028224329371920234,-0.0012013599394503664,-0.18706381754083737,0.21369965266281535,0.07454073290372278
贵州茅台,600519,2023-12-27 10:31,1664.75,1664.84,1664.84,1664.34,20,3329292.0,0.03,0.0,0.08,0.0,0.0060069440272900905,-0.003603820049262586,-0.015614677797128756,-0.18226730939876915,0.16967304845910014,0.03605249242897113
贵州茅台,600519,2023-12-27 10:32,1664.84,1665.83,1666.0,1664.77,50,8327108.0,0.07,0.06,0.99,0.0,0.06427352891707731,0.07389162561576465,0.04984984984984547,0.04984984984984547,0.1990953492288782,0.07990387503754445
贵州茅台,600519,2023-12-27 10:33,1666.5,1666.43,1666.5,1666.0,58,9664095.0,0.03,0.04,0.6,0.0,0.09550467312175018,0.10151735406129814,0.036618602249950616,0.14783920383180205,0.2357880554101974,-0.03419316136772264
贵州茅台,600519,2023-12-27 10:34,1666.44,1666.5,1666.51,1666.44,48,7999131.0,0.0,0.0,0.07,0.0,0.04022019053565327,0.10451957038852502,-0.005400248411422014,0.09369707016468734,0.14903667023233003,0.14542570068747132
贵州茅台,600519,2023-12-27 10:35,1666.51,1666.95,1666.95,1666.5,20,3333562.0,0.03,0.03,0.45,0.0,0.031204431029205056,0.12673890584080919,0.10328903514829947,0.1694579149465448,0.23631706173107142,0.17005985145302951
贵州茅台,600519,2023-12-27 10:36,1666.92,1666.61,1666.95,1666.61,30,5000359.0,0.02,-0.02,-0.34,0.0,0.006600660066000598,0.04682350539970902,0.10270887140367643,0.1568509615384555,0.21707757065543595,0.12014826295648831
贵州茅台,600519,2023-12-27 10:37,1666.7,1666.47,1666.7,1666.46,40,6666027.0,0.01,-0.01,-0.14,0.0,-0.028795104832179622,0.0024003408483982895,0.11233930073291591,0.14783565002614385,0.20865904990980322,0.13880876838765177
贵州茅台,600519,2023-12-27 10:38,1666.46,1666.09,1666.46,1666.0,46,7665325.0,0.03,-0.02,-0.38,0.0,-0.031201060836067336,-0.024602460246029516,0.08109374436848452,0.14184993959355785,0.031220543117370138,0.18400149125391277
贵州茅台,600519,2023-12-27 10:39,1665.83,1665.98,1666.09,1665.27,19,3165329.0,0.05,-0.01,-0.11,0.0,-0.029403469609414454,-0.058190107681695746,0.07328383670919696,0.08290279947135103,0.006002833337329762,0.2093233082706778
贵州茅台,600519,2023-12-27 10:40,1665.17,1664.86,1665.98,1664.86,35,5828173.0,0.07,-0.07,-1.12,0.0,-0.07382554363809987,-0.10500357012138413,0.0012013166430396801,0.004805439757801466,-0.1810681823632521,0.1034188342532679
贵州茅台,600519,2023-12-27 10:41,1664.86,1665.36,1665.36,1664.86,23,3829568.0,0.03,0.03,0.5,0.0,-0.03721533271708653,-0.06660785972745548,-0.0282141635100837,0.015614677797128756,-0.15109000647529852,0.022222355689817407
贵州茅台,600519,2023-12-27 10:42,1665.35,1665.17,1665.35,1665.17,20,3330490.0,0.01,-0.01,-0.19,0.0,0.01862018427976964,-0.055219105810601195,-0.07561073672461434,0.01021021021021458,0.01021021021021458,0.09858553798248904
贵州茅台,600519,2023-12-27 10:43,1665.17,1665.05,1665.17,1665.0,66,10989839.0,0.01,-0.01,-0.12,0.0,-0.018614593841568515,-0.05582299907562298,-0.08700870087008974,-0.04622348152861545,0.06490501631639556,0.07813673929376136
贵州茅台,600519,2023-12-27 10:44,1665.01,1665.2,1665.22,1665.01,14,2331180.0,0.01,0.01,0.15,0.0,0.0018016178528302044,0.020422137597164058,-0.10498215303398421,-0.08340383657647488,0.015616178360781222,0.02402691013936154
贵州茅台,600519,2023-12-27 10:45,1665.02,1665.15,1665.19,1665.02,13,2164619.0,0.01,0.0,-0.05,0.0,0.006005825650889548,-0.012609886150730713,-0.08760297850125759,-0.004804141169683902,0.061293288384920756,0.09918845807033909
贵州茅台,600519,2023-12-27 10:46,1665.05,1665.01,1665.13,1665.0,28,4662117.0,0.01,-0.01,-0.14,0.0,-0.0114100408359389,-0.009608628548441411,-0.08761033801988853,0.006607003423623037,0.060697115384614836,0.1383283916016596
贵州茅台,600519,2023-12-27 10:47,1665.0,1665.89,1665.99,1664.99,61,10190654.0,0.06,0.05,0.88,0.0,0.04444044080112957,0.05044893546741212,-0.012004153437078316,0.0774960951580074,0.1129800902638872,0.22802478791890926
贵州茅台,600519,2023-12-27 10:48,1665.89,1666.45,1666.46,1665.82,42,6964121.0,0.04,0.03,0.56,0.0,0.08648596705125222,0.07506605813115541,0.028211623188755402,0.10271874286675614,0.16348806597224472,0.32751157428312017
贵州茅台,600519,2023-12-27 10:49,1666.51,1666.35,1666.53,1666.0,20,3332729.0,0.03,-0.01,-0.1,0.0,0.027612867596288407,0.0720655796774956,0.08949701476400473,0.09550926259640538,0.10513036164844407,0.1773476012985342
贵州茅台,600519,2023-12-27 10:50,1666.51,1667.95,1667.95,1666.51,69,11565257.0,0.09,0.1,1.6,0.0,0.09001170152119775,0.17657551606296987,0.15552192919249563,0.1868047379928478,0.19041555040306063,0.38820343063497115
贵州茅台,600519,2023-12-27 10:51,1667.79,1667.9,1667.94,1667.0,37,6171030.0,0.06,0.0,-0.05,0.0,0.09301767335794893,0.12065622580122282,0.16394722460769878,0.12426237971462656,0.16815806858448032,0.3568054778365472
贵州茅台,600519,2023-12-27 10:52,1667.89,1668.16,1668.16,1667.83,99,16512749.0,0.02,0.02,0.26,0.0,0.01259030546479429,0.10261333973416763,0.1867811777424178,0.10381474169332155,0.18978978978979472,0.3718456299113144
贵州茅台,600519,2023-12-27 10:53,1668.23,1668.19,1668.23,1668.0,32,5337949.0,0.01,0.0,0.03,0.0,0.017387133521192134,0.11042097998620612,0.1795580110497243,0.10141014101410468,0.1422722743153593,0.3724428399518685
贵州茅台,600519,2023-12-27 10:54,1668.21,1671.0,1671.0,1668.21,176,29387930.0,0.17,0.17,2.81,0.0,0.17024745827737855,0.182859198417216,0.3513197009278388,0.2429586970215036,0.2646121721599243,0.5481710582529469
贵州茅台,600519,2023-12-27 10:55,1671.0,1669.97,1671.0,1669.5,24,4008550.0,0.09,-0.06,-1.03,0.0,0.10670247393881828,0.12410815996162458,0.29789610873208183,0.20160685463306519,0.2846453643040306,0.48921677177105555
贵州茅台,600519,2023-12-27 10:56,1669.96,1670.0,1670.0,1668.36,59,9847010.0,0.1,0.0,0.03,0.0,-0.059844404548174746,0.1103011701515393,0.24671496917562982,0.2118249953494496,0.30632470418643215,0.40341732349740794
贵州茅台,600519,2023-12-27 10:57,1668.77,1670.93,1670.93,1668.77,74,12358897.0,0.13,0.06,0.93,0.0,0.05748606262388165,0.16424987561368962,0.26883494854331175,0.2905005131775682,0.38027153670552416,0.4466486324015668
贵州茅台,600519,2023-12-27 10:58,1671.5,1671.6,1671.77,1671.17,103,17214684.0,0.04,0.04,0.67,0.0,0.09580838323352749,0.03590664272889941,0.31505986137366104,0.33733898366126186,0.412076360272469,0.5497876640640901
贵州茅台,600519,2023-12-27 10:59,1671.45,1671.46,1671.82,1671.45,49,8191000.0,0.02,-0.01,-0.14,0.0,0.03171886314806561,0.08922315969748014,0.21043796276866755,0.3964297298271408,0.40246041471443605,0.6176258126655424
贵州茅台,600519,2023-12-27 11:00,1671.57,1671.08,1671.57,1670.21,34,5681325.0,0.08,-0.02,-0.38,0.0,-0.031107920555155648,0.06467065868263037,0.1906589124048106,0.3434692799154554,0.37481079262872163,0.5941452314878848
贵州茅台,600519,2023-12-27 11:01,1671.5,1670.88,1672.0,1670.81,137,22902797.0,0.07,-0.01,-0.2,0.0,-0.03470020221841547,-0.002992345580003622,0.1630539037022844,0.3429079313223296,0.3031521823955735,0.5330862444495329
贵州茅台,600519,2023-12-27 11:02,1670.88,1670.01,1671.75,1670.0,34,5668422.0,0.1,-0.05,-0.87,0.0,-0.06403044737534626,-0.09511844938980128,0.10910028234193565,0.29788895228371737,0.21483050593183792,0.4505208959892217
贵州茅台,600519,2023-12-27 11:03,1670.01,1671.0,1671.56,1669.98,43,7182898.0,0.09,0.06,0.99,0.0,0.007181844297609096,-0.027520850035300658,0.0,0.3483065097285584,0.27002700270027,0.5106736200083012
贵州茅台,600519,2023-12-27 11:04,1670.99,1670.21,1671.5,1670.17,23,3854328.0,0.08,-0.05,-0.79,0.0,0.011975976191762053,-0.05206213945471737,0.014371515655970413,0.3038765276401493,0.19556675365187864,0.3719907212653727
贵州茅台,600519,2023-12-27 11:05,1670.21,1670.2,1670.22,1670.01,29,4831803.0,0.01,0.0,-0.01,0.0,-0.047875523638537074,-0.04069711768649237,0.01197604790419434,0.3117098395805463,0.21540732384901962,0.4317446573101985
贵州茅台,600519,2023-12-27 11:06,1670.2,1670.0,1670.2,1670.0,20,3351948.0,0.01,-0.01,-0.2,0.0,-0.012573269229620012,-0.0005987988095874219,-0.055657627788121805,0.24671496917562982,0.2118249953494496,0.4209260372820205
贵州茅台,600519,2023-12-27 11:07,1669.01,1669.04,1669.07,1669.01,27,4506605.0,0.0,-0.06,-0.96,0.0,-0.06945276014849011,-0.11729503291442468,-0.15314668580999916,0.15542020462659653,0.17706126319706894,0.3631990378833412
贵州茅台,600519,2023-12-27 11:08,1668.98,1668.2,1668.98,1668.18,33,5505310.0,0.05,-0.05,-0.84,0.0,-0.10778443113772182,-0.12034414834062729,-0.19503906764146262,0.11102109400786969,0.13325490101922155,0.15790390076671104
贵州茅台,600519,2023-12-27 11:09,1668.18,1668.69,1668.69,1668.08,33,5505059.0,0.04,0.03,0.49,0.0,-0.020970138522738165,-0.09040833433121727,-0.14302127965147526,0.04436583830450608,0.23004937352090596,0.16867961677911647
贵州茅台,600519,2023-12-27 11:10,1668.98,1669.05,1669.06,1668.96,17,2836992.0,0.01,0.02,0.36,0.0,0.05095312312671796,-0.056886227544912904,-0.10952312553864757,0.06894897775645203,0.22157371379161592,0.07014893157780208
贵州茅台,600519,2023-12-27 11:11,1669.03,1669.04,1669.14,1668.0,44,7343074.0,0.07,0.0,-0.01,0.0,0.02097453691218315,0.0,-0.05808348453003438,0.05275273355073145,0.2324087030153012,0.06954936806004355
贵州茅台,600519,2023-12-27 11:12,1669.04,1670.24,1670.69,1668.35,58,9682555.0,0.14,0.07,1.2,0.0,0.07129804379737303,0.12228749550413402,-0.04548174745661226,0.12288768065987414,0.31170235128074564,0.31471471471471524
贵州茅台,600519,2023-12-27 11:13,1670.23,1668.51,1670.23,1668.0,12,2003258.0,0.13,-0.1,-1.73,0.0,-0.03175478119158155,-0.01078690469770081,-0.10178360804928993,-0.14901256732495566,0.19877492193129628,0.27284145747819755
贵州茅台,600519,2023-12-27 11:14,1668.6,1669.19,1669.19,1668.6,14,2336507.0,0.04,0.04,0.68,0.0,-0.0628652169748033,0.008388005152637731,-0.06047179978445641,-0.04670742588190044,0.2426207849142698,0.2552644539743174
贵州茅台,600519,2023-12-27 11:15,1669.18,1668.9,1669.19,1668.61,21,3504696.0,0.03,-0.02,-0.29,0.0,0.023374148192105534,-0.008388055409089816,-0.06586826347304844,-0.06586826347304844,0.23363223043706044,0.28663626038830986
贵州茅台,600519,2023-12-27 11:16,1668.91,1668.6,1668.91,1668.6,11,1835681.0,0.02,-0.02,-0.3,0.0,-0.03534648542108121,-0.09818948175113157,-0.02636245985716667,-0.13944330402830488,0.16267580692601605,0.27644230769230227
贵州茅台,600519,2023-12-27 11:17,1668.52,1669.99,1669.99,1668.52,73,12183713.0,0.09,0.08,1.39,0.0,0.06531248127508647,0.08870189570335318,0.10730128281980358,-0.09631490787269084,0.2124276155900245,0.35937284030745115
贵州茅台,600519,2023-12-27 11:18,1669.99,1671.4,1671.4,1669.99,68,11359301.0,0.08,0.08,1.41,0.0,0.16780534579888423,0.1323995470857144,0.1624028429486625,-0.003589676091557407,0.3030575809403896,0.46101230367908685
贵州茅台,600519,2023-12-27 11:19,1671.0,1671.17,1671.5,1670.99,41,6851275.0,0.03,-0.01,-0.23,0.0,0.07065910574315197,0.13601773623344607,0.12701836373985909,0.00538573856429049,0.19305135046014732,0.39468941487445414
贵州茅台,600519,2023-12-27 11:20,1671.01,1670.48,1671.49,1670.48,42,7019029.0,0.06,-0.04,-0.69,0.0,-0.05504367596027717,0.11266930360782149,0.08627714135071986,-0.023939480992057532,0.15468553270579335,0.3423875827436686
贵州茅台,600519,2023-12-27 11:21,1670.47,1671.0,1671.0,1670.0,45,7433986.0,0.06,0.03,0.52,0.0,-0.010172513867534287,0.060479404068287286,0.04550244276271619,0.05928108214920923,0.17024745827737855,0.35433307308870887
贵州茅台,600519,2023-12-27 11:22,1671.01,1672.51,1672.68,1670.79,210,35108479.0,0.11,0.09,1.51,0.0,0.12152195776064202,0.06641139164771448,0.23973485325230298,0.09036505086774331,0.25896330753690744,0.45105105105105053
贵州茅台,600519,2023-12-27 11:23,1672.15,1676.51,1677.0,1672.14,508,85071366.0,0.29,0.24,4.0,0.0,0.3297426690604423,0.31953661207417067,0.43853605641059057,0.37719807688853224,0.3297426690604423,0.641725996806381
贵州茅台,600519,2023-12-27 11:24,1676.11,1673.98,1677.15,1673.89,187,31345276.0,0.19,-0.15,-2.53,0.0,0.08789185116980032,0.20952061682869594,0.3043921145664765,0.22632020117351054,0.24012407408516265,0.44342039733828353
贵州茅台,600519,2023-12-27 11:25,1674.02,1675.0,1675.98,1674.02,70,11725373.0,0.12,0.06,1.02,0.0,-0.09006805804916111,0.23937761819269898,0.3835550761117159,0.29940119760479045,0.29940119760479045,0.586705740348179
贵州茅台,600519,2023-12-27 11:26,1674.53,1675.43,1675.96,1674.02,100,16749835.0,0.12,0.03,0.43,0.0,0.08661991182690626,0.1745878948406929,0.3257504535955338,0.38285481474381083,0.2693111022005709,0.6324704186437607
贵州茅台,600519,2023-12-27 11:27,1674.98,1675.0,1675.43,1674.3,63,10552411.0,0.07,-0.03,-0.43,0.0,0.0,-0.09006805804916111,0.21538829723584474,0.40762498501378464,0.2033979420914149,0.624774720653616
贵州茅台,600519,2023-12-27 11:28,1675.42,1675.0,1675.5,1673.35,71,11892409.0,0.13,0.0,0.0,0.0,-0.025665053150538287,0.06093262762995865,0.22918075360375828,0.3781409369025969,0.21179088940207744,0.6163124572005233
贵州茅台,600519,2023-12-27 11:29,1673.06,1673.0,1674.91,1672.0,50,8365298.0,0.17,-0.12,-2.0,0.0,-0.11940298507462686,-0.11940298507462686,0.15085484411666,0.2366615739492553,0.11489575603801572,0.49496624138013945
贵州茅台,600519,2023-12-27 11:30,1674.31,1672.0,1674.31,1670.65,54,9025603.0,0.22,-0.06,-1.0,0.0,-0.1791044776119403,-0.20472356350310447,0.059844404548174746,0.1773474572209196,0.06703054677773933,0.4300713582086016
贵州茅台,600519,2023-12-27 13:01,1670.18,1670.36,1674.0,1670.18,188,31431461.0,0.23,-0.1,-1.64,0.0,-0.1578003586371847,-0.2770149253731403,-0.12854930613270418,0.007184596225685582,0.020957958335573384,0.2719365121290872
贵州茅台,600519,2023-12-27 13:02,1671.42,1672.0,1672.06,1671.42,43,7188298.0,0.04,0.1,1.64,0.0,0.0,-0.1791044776119403,-0.2690112197362372,0.20916865946263488,0.059844404548174746,0.334247463139762
贵州茅台,600519,2023-12-27 13:03,1672.09,1672.68,1672.68,1672.08,73,12206860.0,0.04,0.04,0.68,0.0,0.138892214851898,-0.019127316198442098,-0.07765923129308322,0.20908344766024292,0.14788559522455422,0.37083708370837465
贵州茅台,600519,2023-12-27 13:04,1673.99,1672.74,1674.0,1672.68,86,14390089.0,0.08,0.0,0.06,0.0,0.04425837320574217,0.04425837320574217,-0.13492537313432781,0.23009167715261056,0.15207759549754302,0.34734095203815135
贵州茅台,600519,2023-12-27 13:05,1672.43,1674.89,1674.89,1672.39,142,23763969.0,0.15,0.13,2.15,0.0,0.1321232991367169,0.27119902296512133,-0.03223053186345974,0.37696272324105184,0.29281437125749105,0.49681689177433236
贵州茅台,600519,2023-12-27 13:06,1674.99,1674.69,1674.99,1674.5,64,10717896.0,0.03,-0.01,-0.2,0.0,0.11657519997130728,0.1608851674641181,-0.018507462686563905,0.2814388110108471,0.3385179504385809,0.49325820446812885
贵州茅台,600519,2023-12-27 13:07,1674.6,1673.64,1674.65,1673.64,34,5692794.0,0.06,-0.06,-1.05,0.0,-0.0746317668623014,0.05739292632183301,-0.0811940298507403,0.13401938494675175,0.3260999880110331,0.4531567922501295
贵州茅台,600519,2023-12-27 13:08,1674.3,1673.57,1674.3,1673.56,41,6863310.0,0.04,0.0,-0.07,0.0,-0.06687804907177557,0.04961918768008939,0.03407053197847796,0.14361196048276736,0.2924449718042226,0.455587702133274
贵州茅台,600519,2023-12-27 13:09,1673.56,1671.7,1673.56,1670.33,61,10200987.0,0.19,-0.11,-1.87,0.0,-0.11591501159150441,-0.19046026903259644,-0.017942583732054696,0.07303290072314708,0.15877295467482047,0.41084535636630987
贵州茅台,600519,2023-12-27 13:10,1671.78,1673.66,1673.66,1671.78,71,11876973.0,0.11,0.12,1.96,0.0,0.005377725461148653,-0.06150392012849976,0.19756220216002432,0.15918611609814973,0.2768058285002228,0.49839073833886866
贵州茅台,600519,2023-12-27 13:11,1672.61,1671.99,1673.56,1671.99,48,8026916.0,0.09,-0.1,-1.67,0.0,0.017347610217142047,-0.09858750985875642,-0.0005980861244013699,-0.031090994971628382,0.1047753616246767,0.40956779187710185
贵州茅台,600519,2023-12-27 13:12,1672.0,1673.3,1673.3,1671.99,30,5017623.0,0.08,0.08,1.31,0.0,-0.02150974510952806,-0.01613317638341879,0.03706626491617589,-0.19146918300517363,0.2870824867696306,0.49548061619771183
贵州茅台,600519,2023-12-27 13:13,1673.03,1672.14,1674.26,1672.01,52,8701715.0,0.13,-0.07,-1.16,0.0,0.008971345522406889,0.0263205120536014,-0.035869292298857505,-0.10991768121482444,0.1767324271053652,0.4167667547441781
贵州茅台,600519,2023-12-27 13:14,1674.0,1673.01,1674.21,1672.46,49,8201603.0,0.1,0.05,0.87,0.0,-0.017331022530327117,-0.03883703978108403,-0.11224617736090782,-0.11880597014925426,0.24626999820240278,0.47202954688766174
贵州茅台,600519,2023-12-27 13:15,1673.0,1673.97,1673.97,1673.0,19,3179135.0,0.06,0.06,0.96,0.0,0.10944059707918759,0.11842176089570022,-0.042993031546138524,-0.08714180837158439,0.3218266810499891,0.5381349060966623
贵州茅台,600519,2023-12-27 13:16,1673.29,1674.11,1674.2,1673.29,53,8872139.0,0.05,0.01,0.14,0.0,0.06574975642703325,0.048407338791606136,0.028082502808238322,-0.05313432835821493,0.24670806412013788,0.49342993835125964
贵州茅台,600519,2023-12-27 13:17,1674.0,1674.0,1674.07,1673.47,31,5188874.0,0.04,-0.01,-0.11,0.0,0.0017921468126652635,0.11123470522802516,0.02569357720322805,-0.05970149253731343,0.1555582146703308,0.45305889765669266
贵州茅台,600519,2023-12-27 13:18,1674.0,1674.29,1674.29,1674.0,58,9710034.0,0.02,0.02,0.29,0.0,0.010751981649955122,0.0765088074787343,0.15493210504276592,0.07710699342498288,0.18669554862760165,0.4764905332013116
贵州茅台,600519,2023-12-27 13:19,1674.39,1674.39,1674.68,1674.27,44,7367903.0,0.02,0.01,0.1,0.0,0.0232974910394325,0.025090055377340856,0.04361698313875089,0.1429425837320634,0.23406446051434807,0.38610270092029464
贵州茅台,600519,2023-12-27 13:20,1674.39,1673.36,1674.7,1673.36,56,9376176.0,0.08,-0.06,-1.03,0.0,-0.05554593290290593,-0.044799923541463824,0.08193828910459337,0.17960200196364856,0.1412327947336864,0.32735775526109534
贵州茅台,600519,2023-12-27 13:21,1673.01,1672.13,1674.79,1672.0,76,12715930.0,0.17,-0.07,-1.23,0.0,-0.13497452803707563,-0.11170848267621811,-0.069921711587871,0.007775119617231408,-0.02272034247926062,0.23798676385958345
贵州茅台,600519,2023-12-27 13:22,1672.12,1671.62,1672.12,1670.55,45,7522691.0,0.09,-0.03,-0.51,0.0,-0.10398240665487458,-0.15947058155994917,-0.03109787457989218,-0.06337135614703188,-0.29167735354994007,0.2056120705674915
贵州茅台,600519,2023-12-27 13:23,1671.59,1671.94,1671.94,1670.9,36,6016562.0,0.06,0.02,0.32,0.0,-0.011362752896010152,-0.14632194411099236,-0.063956581251752,-0.047825723065147874,-0.1218652552599173,0.05625374027528753
贵州茅台,600519,2023-12-27 13:24,1671.17,1671.2,1672.11,1670.8,60,10027901.0,0.08,-0.04,-0.74,0.0,-0.025125327526581726,-0.12908160826121423,-0.16547488903624208,-0.22031297577751696,-0.22686567164178834,0.07365401773684667
贵州茅台,600519,2023-12-27 13:25,1670.92,1670.94,1671.96,1670.92,34,5682094.0,0.06,-0.02,-0.26,0.0,-0.05981075875928562,-0.07116671550657272,-0.18935434350191122,-0.2239220393027963,-0.2679909038276746,0.05628742514970387
贵州茅台,600519,2023-12-27 13:26,1670.7,1671.64,1671.64,1670.4,37,6182307.0,0.07,0.04,0.7,0.0,0.02632838678794008,0.0011964441679454172,-0.14097968936678018,-0.11950001195000119,-0.20059701492536716,0.042491307236092256
贵州茅台,600519,2023-12-27 13:27,1671.07,1670.93,1671.07,1670.64,55,9189606.0,0.03,-0.04,-0.71,0.0,-0.0005984655343693313,-0.06040886634687793,-0.20068208016531783,-0.1577466135267645,-0.2429850746268619,-0.04008135917682732
贵州茅台,600519,2023-12-27 13:28,1670.8,1671.65,1671.65,1670.8,44,7354247.0,0.05,0.04,0.72,0.0,0.0005982149266583059,0.026926759214938097,-0.16364168443433186,-0.0029909672788152493,-0.08069336521218823,0.011367307623278726
贵州茅台,600519,2023-12-27 13:29,1671.97,1670.67,1671.97,1670.64,43,7184906.0,0.08,-0.06,-0.98,0.0,-0.015560197016032442,-0.016158569427985554,-0.16075441028827195,-0.17865038299296207,-0.07954545454545019,-0.024535031237274966
贵州茅台,600519,2023-12-27 13:30,1670.68,1671.49,1671.98,1670.4,77,12866918.0,0.09,0.05,0.82,0.0,-0.009571381569113262,-0.008973223899888189,-0.03827453607076603,-0.0299044850746715,0.06765008740631416,0.03650770851287345
贵州茅台,600519,2023-12-27 13:31,1671.49,1671.4,1671.49,1670.82,28,4679376.0,0.04,-0.01,-0.09,0.0,0.04369504450310463,0.028128048452061263,-0.013160885847249967,-0.11354807864697686,-0.03588516746410939,0.08323303453273334
贵州茅台,600519,2023-12-27 13:32,1671.37,1671.83,1671.83,1671.37,43,7187559.0,0.03,0.03,0.43,0.0,0.02034113276178249,0.010767804265237118,-0.0065791834635290335,-0.018539117538015525,-0.05081665351412921,0.049670855774980684
贵州茅台,600519,2023-12-27 13:33,1672.0,1672.96,1673.04,1672.0,46,7694764.0,0.06,0.07,1.13,0.0,0.09333492880219847,0.13707075604398017,0.10531354715174669,-0.002988625292135404,0.013152073842918045,0.16464995419737638
贵州茅台,600519,2023-12-27 13:34,1673.38,1672.02,1673.38,1671.99,52,8696826.0,0.08,-0.06,-0.94,0.0,0.011364791874775222,0.03170823636396106,0.06463427771194222,-0.1164895428233508,-0.17135453671585107,0.10896898575020575
贵州茅台,600519,2023-12-27 13:35,1671.56,1670.85,1672.05,1670.85,63,10529597.0,0.07,-0.07,-1.17,0.0,-0.12612375669472836,-0.03290654541104355,-0.04725897920606057,-0.19473033432689554,-0.22929616824607213,0.05089820359280892
贵州茅台,600519,2023-12-27 13:36,1670.8,1670.84,1670.84,1670.35,172,28732458.0,0.03,0.0,-0.01,0.0,-0.07057331850097867,-0.059216547136970214,-0.005386222044020127,-0.18876941457587107,-0.16730001673001255,0.107846426688393
贵州茅台,600519,2023-12-27 13:37,1670.92,1672.17,1672.17,1670.85,43,7187754.0,0.08,0.08,1.33,0.0,0.079001705718656,-0.04722169089517763,0.0311069900996011,-0.12662083629478113,-0.08365350717328009,0.23798105742716863
贵州茅台,600519,2023-12-27 13:38,1672.17,1671.09,1672.17,1671.0,107,17891457.0,0.07,-0.06,-1.08,0.0,0.014962533815326423,-0.05562134424229756,0.02513961464561196,-0.19708670023113978,-0.03648980080158685,0.1438253959692851
贵州茅台,600519,2023-12-27 13:39,1671.09,1670.79,1671.09,1670.4,100,16708626.0,0.04,-0.02,-0.3,0.0,-0.08252749421411155,-0.0035909866235715616,-0.041878802744859105,-0.15358320982932164,-0.17148046795646177,0.10425092118270929
贵州茅台,600519,2023-12-27 13:40,1670.86,1671.93,1671.93,1670.86,24,4010794.0,0.06,0.07,1.14,0.0,0.050266592463610316,0.06523664743483192,0.031709943759720756,-0.011960792522115234,-0.0035885382089573164,0.1731534295163747
贵州茅台,600519,2023-12-27 13:41,1672.09,1673.0,1673.0,1672.09,47,7860623.0,0.05,0.06,1.07,0.0,0.13227275719869264,0.04963610159253708,0.06998319207096851,0.08255464758737686,-0.017928643996889652,0.16524571319091813
贵州茅台,600519,2023-12-27 13:42,1672.4,1671.1,1672.99,1670.36,56,9362361.0,0.16,-0.11,-1.9,0.0,-0.04964322669012187,0.000598411815042332,-0.11118018362663348,-0.050241037357808625,-0.06219574915977077,0.15522831748086124
贵州茅台,600519,2023-12-27 13:43,1671.11,1671.96,1671.96,1671.11,37,6184822.0,0.05,0.05,0.86,0.0,-0.06216377764494702,0.07002675381107576,-0.0035884738220802043,0.04547630445189031,-0.06276113113489785,0.1659487535870681
贵州茅台,600519,2023-12-27 13:44,1672.02,1673.0,1673.0,1672.02,65,10871264.0,0.06,0.06,1.04,0.0,0.11369756447849268,0.0639978946486956,0.1286770206781034,0.12328390008019112,-0.05794608027623119,0.24567080112648504
贵州茅台,600519,2023-12-27 13:45,1673.04,1673.35,1673.38,1672.32,86,14388641.0,0.06,0.02,0.35,0.0,0.08313596019042756,0.020920502092044775,0.15022383950587676,0.10229475245865191,-0.04539725585534947,0.2846697830516601
贵州茅台,600519,2023-12-27 13:46,1673.35,1672.34,1673.98,1672.32,46,7696536.0,0.1,-0.06,-1.01,0.0,-0.039450089659299574,0.0742026210280659,0.010166430446655866,0.08438414535617017,-0.09916367980884598,0.14071940550541676
贵州茅台,600519,2023-12-27 13:47,1671.98,1672.9,1672.9,1671.98,32,5351726.0,0.06,0.03,0.56,0.0,-0.0268921624286502,0.05622144070432634,0.10831253852277094,0.07477641850865911,-0.08302026530648052,0.08974512384827091
贵州茅台,600519,2023-12-27 13:48,1672.49,1672.03,1672.89,1671.93,38,6354518.0,0.06,-0.05,-0.87,0.0,-0.01853690039106554,-0.05797967722654078,0.07421638865446939,0.08140446647152938,-0.14094685228651194,0.05146095250632191
贵州茅台,600519,2023-12-27 13:49,1671.87,1670.44,1671.88,1670.37,27,4512077.0,0.09,-0.1,-1.59,0.0,-0.14705003287704205,-0.17390265037199956,-0.08911856357622681,-0.06281820411728185,-0.1744992111679403,-0.0023945213351829185
贵州茅台,600519,2023-12-27 13:50,1670.44,1671.03,1671.1,1670.44,29,4845896.0,0.04,0.04,0.59,0.0,-0.059807539338409,-0.07833335326548103,-0.11775254034668424,-0.02213713054924723,-0.065784358871627,0.0017953321364436096
贵州茅台,600519,2023-12-27 13:51,1670.81,1670.33,1670.81,1670.01,62,10355744.0,0.05,-0.04,-0.7,0.0,-0.00658509135318403,-0.15362544085122623,-0.0460774340254911,-0.08972204111662072,-0.0771706488316701,-0.1303430173810658
贵州茅台,600519,2023-12-27 13:52,1670.01,1670.68,1670.68,1670.0,64,10689200.0,0.04,0.02,0.35,0.0,-0.02094516555656745,-0.08074017810684671,-0.0765568554271617,-0.13628538638102364,-0.07536155603669933,-0.34774621087854696
贵州茅台,600519,2023-12-27 13:53,1670.68,1670.52,1670.81,1670.49,26,4343784.0,0.02,-0.01,-0.16,0.0,0.01137499775493792,0.004789157347760305,-0.14823670053795687,-0.08971184555208671,-0.04068932503590615,-0.20669303098006167
贵州茅台,600519,2023-12-27 13:54,1670.5,1670.8,1670.81,1670.5,52,8687471.0,0.02,0.02,0.28,0.0,0.007182704048644315,-0.01376396593717756,-0.15238892042907667,-0.002992488852976301,-0.008378517481184245,-0.2507462686567191
贵州茅台,600519,2023-12-27 13:55,1670.98,1671.17,1671.89,1670.66,31,5175764.0,0.07,0.02,0.37,0.0,0.03891003998755423,0.050289463758667184,-0.06996184986305688,0.019750544636240132,-0.02811610155296758,-0.25426308470064346
贵州茅台,600519,2023-12-27 13:56,1671.23,1671.38,1672.03,1671.23,36,6018511.0,0.05,0.01,0.21,0.0,0.03471390950443827,0.04189910695046601,-0.09086018291589347,-0.047244000310970986,0.026931110220059812,-0.2161194029850681
贵州茅台,600519,2023-12-27 13:57,1671.59,1671.57,1672.0,1671.1,45,7521759.0,0.05,0.01,0.19,0.0,0.023935326747121094,0.06285467997988378,-0.027511468095670316,0.028723767122059145,-0.004785690784563432,-0.2047761194029889
贵州茅台,600519,2023-12-27 13:58,1672.0,1672.27,1672.58,1671.77,81,13544716.0,0.05,0.04,0.7,0.0,0.05324941066662713,0.08798180512329586,0.10955197433011225,0.0885808509746897,0.09576996055474205,-0.04363419007770581
贵州茅台,600519,2023-12-27 13:59,1671.97,1670.58,1672.0,1670.58,48,8024001.0,0.08,-0.1,-1.69,0.0,-0.05922575782049266,-0.03530460695202436,-0.0269294985727393,-0.08074500726705881,-0.0544424435683182,-0.08492822966507611
贵州茅台,600519,2023-12-27 14:00,1670.5,1670.38,1671.52,1670.22,37,6181430.0,0.08,-0.01,-0.2,0.0,-0.11302002667032672,-0.059830798501836806,0.002993420461835799,-0.15660490137476932,-0.06102668421682313,0.0011973466797701804
贵州茅台,600519,2023-12-27 14:01,1671.55,1671.59,1671.59,1670.2,50,8353848.0,0.08,0.07,1.21,0.0,0.06045804451148649,0.0011964799559684494,0.05446883903559356,0.029322003470768302,-0.014355526578659858,-0.024521531100483367
贵州茅台,600519,2023-12-27 14:02,1671.59,1671.87,1672.0,1671.38,45,7522797.0,0.04,0.02,0.28,0.0,0.08920125959361233,-0.02391958236409736,0.08081315997413434,-0.005382903897231125,-0.06515397857690235,-0.048425281584055097
贵州茅台,600519,2023-12-27 14:03,1671.79,1670.8,1671.79,1670.8,40,6685725.0,0.06,-0.06,-1.07,0.0,-0.0472603927996676,0.013169079002503758,0.0,-0.13150029886431833,-0.07296563438236549,-0.11597737843299345
贵州茅台,600519,2023-12-27 14:04,1670.0,1670.98,1671.35,1670.0,102,17037115.0,0.08,0.01,0.18,0.0,-0.053233804063705474,0.03591997030615243,-0.011369280204889661,-0.14163205545760846,0.0077804710177519915,-0.23344816674528368
贵州茅台,600519,2023-12-27 14:05,1670.95,1670.97,1671.0,1670.01,39,6515288.0,0.06,0.0,-0.01,0.0,0.010174766578888722,-0.03709043485543051,-0.024530627385757987,-0.0819211404379427,0.007780517583976272,-0.2221306629883756
贵州茅台,600519,2023-12-27 14:06,1670.97,1670.01,1670.97,1669.9,96,16032703.0,0.06,-0.06,-0.96,0.0,-0.05804976720248162,-0.11125266916685507,-0.09332543656562067,-0.17275390041246338,-0.129173469204691,-0.21689252168925868
贵州茅台,600519,2023-12-27 14:07,1670.01,1670.03,1670.25,1670.01,37,6179394.0,0.01,0.0,0.02,0.0,-0.05625475023489677,-0.04608570744553399,-0.13394966123891533,-0.119615078676818,-0.06343165239454161,-0.2115238681381695
贵州茅台,600519,2023-12-27 14:08,1670.27,1670.47,1670.9,1670.27,56,9297684.0,0.04,0.03,0.44,0.0,0.027544745241048642,-0.030521011621921917,-0.0065845395012450745,0.0017959340054101145,-0.01915261642695589,-0.07357779505892315
贵州茅台,600519,2023-12-27 14:09,1670.42,1670.32,1670.89,1670.32,22,3675021.0,0.03,-0.01,-0.15,0.0,0.017364957515731073,-0.038899561332644564,-0.003591997030626133,-0.04248876441476433,-0.09629589755552728,-0.19956263518278178
贵州茅台,600519,2023-12-27 14:10,1670.4,1670.23,1670.45,1670.23,52,8685651.0,0.01,-0.01,-0.09,0.0,-0.014367214017612354,0.013173573810936897,-0.08135966355385592,-0.005986840923644373,-0.16557083084279628,-0.10526378746284312
贵州茅台,600519,2023-12-27 14:11,1670.22,1669.8,1670.22,1669.77,35,5844738.0,0.03,-0.03,-0.43,0.0,-0.031131759183867874,-0.013772207684892979,-0.12381345439537383,-0.05267316302344609,-0.07779307043264644,-0.2091675132970776
贵州茅台,600519,2023-12-27 14:12,1669.8,1670.0,1670.12,1669.7,63,10520172.0,0.03,0.01,0.2,0.0,-0.013770558545830107,-0.028135794117824763,-0.047881254488864884,-0.03112803199003794,-0.11722768487284602,-0.1279797146172031
贵州茅台,600519,2023-12-27 14:13,1670.0,1670.4,1670.4,1669.97,85,14195197.0,0.03,0.02,0.4,0.0,0.03593244699964884,0.004789501412912174,-0.03471017007982904,-0.02394062724442564,-0.15540944411236757,-0.156006240249604
贵州茅台,600519,2023-12-27 14:14,1670.4,1670.25,1671.36,1670.18,56,9356371.0,0.07,-0.01,-0.15,0.0,0.014970059880239521,0.0011974398735492603,-0.043088744860771126,-0.05505125151840164,-0.18525711895299304,-0.22222620477069643
贵州茅台,600519,2023-12-27 14:15,1670.36,1670.31,1670.83,1670.3,47,7851446.0,0.03,0.0,0.06,0.0,-0.00538793103449147,0.03054257994969403,0.017963964287636275,-0.06401895439697518,-0.12138679933506182,-0.22698627927674733
贵州茅台,600519,2023-12-27 14:16,1670.3,1670.44,1670.48,1670.0,66,11023734.0,0.03,0.01,0.13,0.0,0.01137554258344886,0.026347305389224827,0.024550457177420878,-0.06760111751227181,-0.14705003287704205,-0.21266427718040298
贵州茅台,600519,2023-12-27 14:17,1670.74,1669.97,1670.74,1669.97,51,8518431.0,0.05,-0.03,-0.47,0.0,-0.020355502870719695,-0.02574233716475477,-0.029931695870024602,-0.13753759859352585,-0.12320353103711927,-0.2580198173554125
贵州茅台,600519,2023-12-27 14:18,1669.97,1669.93,1669.97,1669.82,64,10687384.0,0.01,0.0,-0.04,0.0,-0.030530878091999166,-0.019158808561588764,-0.023348819387894095,-0.03890864250738448,-0.030530878091999166,-0.26636566152449764
贵州茅台,600519,2023-12-27 14:19,1669.82,1669.4,1669.82,1669.38,49,8181176.0,0.03,-0.03,-0.53,0.0,-0.034132349682924626,-0.05448090474222477,-0.049693754752335145,-0.05866928483339229,-0.09754462816346096,-0.23664961514556399
贵州茅台,600519,2023-12-27 14:20,1669.62,1668.9,1669.62,1668.88,52,8679143.0,0.04,-0.03,-0.5,0.0,-0.0616792320636178,-0.09219127894446755,-0.05389867049945284,-0.1609246286469665,-0.0856118252081826,-0.1931667992321182
贵州茅台,600519,2023-12-27 14:21,1668.88,1669.99,1669.99,1668.71,64,10682369.0,0.08,0.07,1.09,0.0,0.03534203905594334,0.0011976263046630665,-0.0005988023952090362,-0.11244893442671272,-0.04130054827974564,-0.09751019968652457
贵州茅台,600519,2023-12-27 14:22,1669.96,1668.98,1670.01,1668.98,108,18034248.0,0.06,-0.06,-1.01,0.0,0.004793576607341796,-0.05688861209751579,-0.08500957854406566,-0.10892985396217,-0.09218686397049802,-0.1770398459274876
贵州茅台,600519,2023-12-27 14:23,1669.07,1670.72,1670.72,1668.7,100,16744123.0,0.12,0.1,1.74,0.0,0.04371283660381309,0.07907032466754141,0.02813950007484073,-0.015559731415097183,-0.004788125448882406,-0.028721876495932153
贵州茅台,600519,2023-12-27 14:24,1670.74,1670.63,1670.74,1669.0,99,16536157.0,0.1,-0.01,-0.09,0.0,0.09886277846349813,0.10366109413386172,0.01915812034892707,-0.020347462850914027,-0.03231269110862232,-0.018552431565462876
贵州茅台,600519,2023-12-27 14:25,1670.63,1670.61,1670.8,1670.61,86,14367487.0,0.01,0.0,-0.02,0.0,-0.006583987741819534,0.03712597081418996,0.01017695936399065,0.03592792857527255,-0.04606971484642685,-0.06161613744587351
贵州茅台,600519,2023-12-27 14:26,1670.8,1670.98,1670.98,1670.01,87,14533207.0,0.06,0.02,0.37,0.0,0.020950180470834898,0.11983367086483959,0.06048012838553932,0.05688520565499096,-0.03529615870109646,0.002992345580003622
贵州茅台,600519,2023-12-27 14:27,1670.82,1670.76,1670.82,1670.12,34,5679705.0,0.04,-0.01,-0.22,0.0,0.008978756262687938,0.0023941773606567,0.04970268214834916,0.01736038360461209,-0.09029642342444646,-0.053240809978171266
贵州茅台,600519,2023-12-27 14:28,1670.82,1670.68,1670.82,1670.13,43,7183186.0,0.04,0.0,-0.08,0.0,-0.017953536248186963,0.0029928829244030408,0.07667425422307252,0.02155275635807075,0.005985945001145496,0.0005985622534666274
贵州茅台,600519,2023-12-27 14:29,1670.13,1670.5,1670.5,1670.05,34,5679369.0,0.03,-0.01,-0.18,0.0,-0.015561780267662077,-0.006584421259294507,0.09587153214691767,0.016165438292928627,0.0071839940612250415,-0.059228592453440296
贵州茅台,600519,2023-12-27 14:30,1670.47,1670.5,1670.5,1670.01,53,8852331.0,0.03,0.0,0.0,0.0,-0.010774056072980083,-0.028725657997104585,0.03053910502458044,0.04192118816625018,-0.06520737740713442,-0.053847074308967985
贵州茅台,600519,2023-12-27 14:31,1670.07,1671.6,1671.61,1670.07,71,11863525.0,0.09,0.07,1.1,0.0,0.06584854833881526,0.05027652086475126,0.15698210883293334,0.09580838323352749,-0.01614958100809165,-0.01375737963788293
贵州茅台,600519,2023-12-27 14:32,1671.07,1670.75,1671.08,1670.75,57,9523939.0,0.02,-0.05,-0.85,0.0,0.014965579167913799,0.004189910695042517,0.001795633020492525,0.020953065134094173,-0.002992578405551504,-0.13210118592196085
贵州茅台,600519,2023-12-27 14:33,1670.54,1670.79,1670.79,1670.0,70,11692410.0,0.05,0.0,0.04,0.0,-0.04845656855706781,0.017360071834777828,0.00957722535808973,0.032330489447685296,-0.011370572957190066,-0.07356371335271218
贵州茅台,600519,2023-12-27 14:34,1670.76,1670.1,1670.96,1670.0,34,5679933.0,0.06,-0.04,-0.69,0.0,-0.03890468352536831,-0.023944926668667522,-0.030527771293119933,-0.012572516478979136,-0.05206556670677021,-0.04488733279468534
贵州茅台,600519,2023-12-27 14:35,1670.95,1671.73,1671.73,1670.22,50,8356008.0,0.09,0.1,1.63,0.0,0.05626081075419739,0.007776980138795714,0.04488384062047421,0.07722516223270297,0.10299339524913187,0.05326662038256805
贵州茅台,600519,2023-12-27 14:36,1671.73,1671.88,1671.88,1670.4,57,9527145.0,0.09,0.01,0.15,0.0,0.10658044428478534,0.06763429597486813,0.06703536115301528,0.11437331209543176,0.11077645311761684,-0.01734273429136772
贵州茅台,600519,2023-12-27 14:37,1671.88,1671.68,1671.88,1670.6,44,7354803.0,0.08,-0.01,-0.2,0.0,-0.002990913604466901,0.05326821443748766,0.05985586707209041,0.1047948117585767,0.07243470400546172,0.03530629708753841
贵州茅台,600519,2023-12-27 14:38,1671.0,1670.6,1671.88,1670.5,73,12200321.0,0.08,-0.06,-1.08,0.0,-0.07656051869752614,0.029938327046284654,0.005986231667160075,0.07188211333412113,0.016763254945158575,-0.011371866003510589
贵州茅台,600519,2023-12-27 14:39,1670.8,1670.15,1670.8,1669.53,76,12692793.0,0.08,-0.03,-0.45,0.0,-0.09152469372128473,-0.09451286990123568,-0.020951810835073872,0.07489963448978369,-0.004789759494197041,-0.10646378735951699
贵州茅台,600519,2023-12-27 14:40,1670.02,1669.42,1670.02,1669.16,64,10685858.0,0.05,-0.04,-0.73,0.0,-0.07063330539924796,-0.1471397468717872,-0.13041397463507037,-0.034131940909821995,-0.02275721643309868,-0.21398684997010922
贵州茅台,600519,2023-12-27 14:41,1669.57,1669.23,1669.57,1669.18,64,10683820.0,0.02,-0.01,-0.19,0.0,-0.05508487261623644,-0.1465591500765724,-0.09097710609007822,0.014979208858104949,-0.04610778443113664,-0.1119023397761888
贵州茅台,600519,2023-12-27 14:42,1669.24,1671.5,1671.5,1669.24,108,18038736.0,0.14,0.14,2.27,0.0,0.12459417043044453,0.05387286005028678,0.042494867697319014,0.046686458532846475,0.06585249042145049,-0.027512619919139
贵州茅台,600519,2023-12-27 14:43,1670.6,1669.21,1670.6,1669.11,91,15196555.0,0.09,-0.14,-2.29,0.0,-0.001198157234172751,-0.05628236984702299,-0.05329022214237906,-0.08499787505312802,-0.06226612782517369,-0.22653915122534152
贵州茅台,600519,2023-12-27 14:44,1669.21,1668.79,1669.53,1668.7,128,21362631.0,0.05,-0.03,-0.42,0.0,-0.1621298235118179,-0.037737657389998264,-0.175865719942817,-0.10894224265387711,-0.09100107165735594,-0.2725072459437623
贵州茅台,600519,2023-12-27 14:45,1668.65,1668.01,1669.99,1668.0,120,20022639.0,0.12,-0.05,-0.78,0.0,-0.07189029540920829,-0.07308759128460592,-0.2314759432495226,-0.17774000885707952,-0.14547065443835536,-0.2589186409462147
贵州茅台,600519,2023-12-27 14:46,1668.01,1668.08,1668.6,1668.0,121,20184954.0,0.04,0.0,0.07,0.0,-0.04254579665506363,-0.204606640741853,-0.21535222052068195,-0.16040604275898773,-0.1131756857907687,-0.2881224221412017
贵州茅台,600519,2023-12-27 14:47,1668.54,1667.36,1668.57,1666.11,95,15838483.0,0.15,-0.04,-0.72,0.0,-0.03896859131540524,-0.11083087208920007,-0.19394229618101336,-0.19872147867934994,-0.15389866641117672,-0.2793012087103744
贵州茅台,600519,2023-12-27 14:48,1667.3,1668.6,1668.6,1667.3,58,9674837.0,0.08,0.07,1.24,0.0,0.031173564817034063,-0.011385494879526756,-0.09280603538605406,-0.11373840167615032,-0.04792140888943224,-0.11015061899859589
贵州茅台,600519,2023-12-27 14:49,1668.6,1670.0,1670.0,1668.6,72,12019786.0,0.08,0.08,1.4,0.0,0.15833413300067772,0.11930384110407066,0.03474260521617851,-0.029931158335827598,0.0659116783510042,-0.06163863006648431
贵州茅台,600519,2023-12-27 14:50,1670.0,1668.8,1670.89,1668.8,101,16860562.0,0.13,-0.07,-1.2,0.0,0.011986096128493676,0.04316339743897339,-0.02576038053474139,-0.1675041876046874,-0.07125791172402557,-0.09159866613184058
贵州茅台,600519,2023-12-27 14:51,1668.81,1668.8,1669.65,1668.75,83,13852547.0,0.05,0.0,0.0,0.0,-0.07185628742515242,0.08636407254582422,-0.16153155848040954,-0.11671405057609131,-0.010785030377839379,-0.1125290300955365
贵州茅台,600519,2023-12-27 14:52,1669.0,1669.02,1669.02,1668.77,57,9512722.0,0.01,0.01,0.22,0.0,0.013183125599234617,0.02517080186983536,-0.011382630106460814,-0.10593790961161978,-0.10175253782800502,-0.08979239997126644
贵州茅台,600519,2023-12-27 14:53,1669.52,1669.02,1670.3,1668.99,65,10852908.0,0.08,0.0,0.0,0.0,0.013183125599234617,-0.05868263473054001,0.013782441169950574,-0.0646667864199705,-0.09637083016587318,-0.1065357912377288
贵州茅台,600519,2023-12-27 14:54,1669.61,1668.94,1670.0,1668.7,69,11469741.0,0.08,0.0,-0.08,0.0,-0.0047932319564730945,0.008389261744972438,0.0557550614204989,-0.16689297912940268,-0.09996348639118918,-0.1334394466152467
贵州茅台,600519,2023-12-27 14:55,1668.19,1667.7,1668.44,1667.7,56,9341012.0,0.04,-0.07,-1.24,0.0,-0.07908832728187418,-0.06591562799615946,-0.02278068198167245,-0.2500179438715735,-0.1962919963135389,-0.22017733848676324
贵州茅台,600519,2023-12-27 14:56,1667.55,1667.03,1667.55,1667.02,82,13671474.0,0.03,-0.04,-0.67,0.0,-0.11444389852242032,-0.11923164491737721,-0.0197917666250796,-0.2781632848392091,-0.2232516938399302,-0.27160095000508283
贵州茅台,600519,2023-12-27 14:57,1667.7,1667.55,1667.86,1667.02,135,22542204.0,0.05,0.03,0.52,0.0,-0.00899442345746183,-0.08807563720027485,-0.06292700467457477,-0.18256913683706183,-0.1873488639356495,-0.2822510718962863
贵州茅台,600519,2023-12-27 14:58,1667.55,1667.55,1667.55,1667.55,0,0.0,0.0,0.0,0.0,0.0,0.03119319988242454,-0.08328639735401512,-0.14670658682635002,-0.15567464000240316,-0.17659383418138552,-0.18137413353445944
贵州茅台,600519,2023-12-27 14:59,1667.55,1667.55,1667.55,1667.55,0,0.0,0.0,0.0,0.0,0.0,0.0,-0.00899442345746183,-0.07490412272291468,-0.11201495130045873,-0.17659383418138552,-0.16942252661072058
贵州茅台,600519,2023-12-27 15:00,1667.06,1667.06,1667.06,1667.06,173,28840138.0,0.0,-0.03,-0.49,0.0,-0.029384426254085882,0.001799607685522919,-0.10426653883029775,-0.13000005990786606,-0.27159607561617394,-0.27099946757278837
